Ime,Prezime,Rodjenje,Adresa,LicnaKarta,Jmbg,Pol
DamirA,Damic,new Date(1999,12,12),sklj 123,999E999,1212999170065,Pol.muski
DamirB,Damic,new Date(1999,12,12),sklj 123,999E999,1212999170065,Pol.muski
DamirC,Damic,new Date(1999,12,12),sklj 123,999E999,1212999170065,Pol.muski
DamirD,Damic,new Date(1999,12,12),sklj 123,999E999,1212999170065,Pol.muski
DamirE,Damic,new Date(1999,12,12),sklj 123,999E999,1212999170065,Pol.muski
DamirF,Damic,new Date(1999,12,12),sklj 123,999E999,1212999170065,Pol.muski
DamirG,Damic,new Date(1999,12,12),sklj 123,999E999,1212999170065,Pol.muski
DamirH,Damic,new Date(1999,12,12),sklj 123,999E999,1212999170065,Pol.muski
DamirI,Damic,new Date(1999,12,12),sklj 123,999E999,1212999170065,Pol.muski
DamirJ,Damic,new Date(1999,12,12),sklj 123,999E999,1212999170065,Pol.muski
DamirK,Damic,new Date(1999,12,12),sklj 123,999E999,1212999170065,Pol.muski
DamirL,Damic,new Date(1999,12,12),sklj 123,999E999,1212999170065,Pol.muski
DamirM,Damic,new Date(1999,12,12),sklj 123,999E999,1212999170065,Pol.muski
DamirN,Damic,new Date(1999,12,12),sklj 123,999E999,1212999170065,Pol.muski
DamirO,Damic,new Date(1999,12,12),sklj 123,999E999,1212999170065,Pol.muski
DamirP,Damic,new Date(1999,12,12),sklj 123,999E999,1212999170065,Pol.muski
DamirQ,Damic,new Date(1999,12,12),sklj 123,999E999,1212999170065,Pol.muski
DamirR,Damic,new Date(1999,12,12),sklj 123,999E999,1212999170065,Pol.muski
DamirS,Damic,new Date(1999,12,12),sklj 123,999E999,1212999170065,Pol.muski
DamirT,Damic,new Date(1999,12,12),sklj 123,999E999,1212999170065,Pol.muski
DamirU,Damic,new Date(1999,12,12),sklj 123,999E999,1212999170065,Pol.muski
DamirV,Damic,new Date(1999,12,12),sklj 123,999E999,1212999170065,Pol.muski
DamirW,Damic,new Date(1999,12,12),sklj 123,999E999,1212999170065,Pol.muski
DamirX,Damic,new Date(1999,12,12),sklj 123,999E999,1212999170065,Pol.muski
DamirY,Damic,new Date(1999,12,12),sklj 123,999E999,1212999170065,Pol.muski
DamirZ,Damic,new Date(1999,12,12),sklj 123,999E999,1212999170065,Pol.muski
DamirA,DamicA,new Date(1999,12,12),sklj 123,999E999,1212999170065,Pol.muski
DamirB,DamicB,new Date(1999,12,12),sklj 123,999E999,1212999170065,Pol.muski
DamirC,DamicC,new Date(1999,12,12),sklj 123,999E999,1212999170065,Pol.muski
DamirD,DamicD,new Date(1999,12,12),sklj 123,999E999,1212999170065,Pol.muski
DamirE,DamicE,new Date(1999,12,12),sklj 123,999E999,1212999170065,Pol.muski
DamirF,DamicF,new Date(1999,12,12),sklj 123,999E999,1212999170065,Pol.muski
DamirG,DamicG,new Date(1999,12,12),sklj 123,999E999,1212999170065,Pol.muski
DamirH,DamicH,new Date(1999,12,12),sklj 123,999E999,1212999170065,Pol.muski
DamirI,DamicI,new Date(1999,12,12),sklj 123,999E999,1212999170065,Pol.muski
DamirJ,DamicJ,new Date(1999,12,12),sklj 123,999E999,1212999170065,Pol.muski
DamirK,DamicK,new Date(1999,12,12),sklj 123,999E999,1212999170065,Pol.muski
DamirL,DamicL,new Date(1999,12,12),sklj 123,999E999,1212999170065,Pol.muski
DamirM,DamicM,new Date(1999,12,12),sklj 123,999E999,1212999170065,Pol.muski
DamirN,DamicN,new Date(1999,12,12),sklj 123,999E999,1212999170065,Pol.muski
DamirO,DamicO,new Date(1999,12,12),sklj 123,999E999,1212999170065,Pol.muski
DamirP,DamicP,new Date(1999,12,12),sklj 123,999E999,1212999170065,Pol.muski
DamirQ,DamicQ,new Date(1999,12,12),sklj 123,999E999,1212999170065,Pol.muski
DamirR,DamicR,new Date(1999,12,12),sklj 123,999E999,1212999170065,Pol.muski
DamirS,DamicS,new Date(1999,12,12),sklj 123,999E999,1212999170065,Pol.muski
DamirT,DamicT,new Date(1999,12,12),sklj 123,999E999,1212999170065,Pol.muski
DamirU,DamicU,new Date(1999,12,12),sklj 123,999E999,1212999170065,Pol.muski
DamirV,DamicV,new Date(1999,12,12),sklj 123,999E999,1212999170065,Pol.muski
DamirW,DamicW,new Date(1999,12,12),sklj 123,999E999,1212999170065,Pol.muski
DamirX,DamicX,new Date(1999,12,12),sklj 123,999E999,1212999170065,Pol.muski
DamirY,DamicY,new Date(1999,12,12),sklj 123,999E999,1212999170065,Pol.muski
DamirZ,DamicZ,new Date(1999,12,12),sklj 123,999E999,1212999170065,Pol.muski
MeraA,DamicA,new Date(1999,12,12),sklj 123,999E999,1212999170065,Pol.muski
MeraB,DamicB,new Date(1999,12,12),sklj 123,999E999,1212999170065,Pol.muski
MeraC,DamicC,new Date(1999,12,12),sklj 123,999E999,1212999170065,Pol.muski
MeraD,DamicD,new Date(1999,12,12),sklj 123,999E999,1212999170065,Pol.muski
MeraE,DamicE,new Date(1999,12,12),sklj 123,999E999,1212999170065,Pol.muski
MeraF,DamicF,new Date(1999,12,12),sklj 123,999E999,1212999170065,Pol.muski
MeraG,DamicG,new Date(1999,12,12),sklj 123,999E999,1212999170065,Pol.muski
MeraH,DamicH,new Date(1999,12,12),sklj 123,999E999,1212999170065,Pol.muski
MeraI,DamicI,new Date(1999,12,12),sklj 123,999E999,1212999170065,Pol.muski
MeraJ,DamicJ,new Date(1999,12,12),sklj 123,999E999,1212999170065,Pol.muski
MeraK,DamicK,new Date(1999,12,12),sklj 123,999E999,1212999170065,Pol.muski
MeraL,DamicL,new Date(1999,12,12),sklj 123,999E999,1212999170065,Pol.muski
MeraM,DamicM,new Date(1999,12,12),sklj 123,999E999,1212999170065,Pol.muski
MeraN,DamicN,new Date(1999,12,12),sklj 123,999E999,1212999170065,Pol.muski
MeraO,DamicO,new Date(1999,12,12),sklj 123,999E999,1212999170065,Pol.muski
MeraP,DamicP,new Date(1999,12,12),sklj 123,999E999,1212999170065,Pol.muski
MeraQ,DamicQ,new Date(1999,12,12),sklj 123,999E999,1212999170065,Pol.muski
MeraR,DamicR,new Date(1999,12,12),sklj 123,999E999,1212999170065,Pol.muski
MeraS,DamicS,new Date(1999,12,12),sklj 123,999E999,1212999170065,Pol.muski
MeraT,DamicT,new Date(1999,12,12),sklj 123,999E999,1212999170065,Pol.muski
MeraU,DamicU,new Date(1999,12,12),sklj 123,999E999,1212999170065,Pol.muski
MeraV,DamicV,new Date(1999,12,12),sklj 123,999E999,1212999170065,Pol.muski
MeraW,DamicW,new Date(1999,12,12),sklj 123,999E999,1212999170065,Pol.muski
MeraX,DamicX,new Date(1999,12,12),sklj 123,999E999,1212999170065,Pol.muski
MeraY,DamicY,new Date(1999,12,12),sklj 123,999E999,1212999170065,Pol.muski
MeraZ,DamicZ,new Date(1999,12,12),sklj 123,999E999,1212999170065,Pol.muski
MeraA,MericA,new Date(1999,12,12),sklj 123,999E999,1212999170065,Pol.muski
MeraB,MericB,new Date(1999,12,12),sklj 123,999E999,1212999170065,Pol.muski
MeraC,MericC,new Date(1999,12,12),sklj 123,999E999,1212999170065,Pol.muski
MeraD,MericD,new Date(1999,12,12),sklj 123,999E999,1212999170065,Pol.muski
MeraE,MericE,new Date(1999,12,12),sklj 123,999E999,1212999170065,Pol.muski
MeraF,MericF,new Date(1999,12,12),sklj 123,999E999,1212999170065,Pol.muski
MeraG,MericG,new Date(1999,12,12),sklj 123,999E999,1212999170065,Pol.muski
MeraH,MericH,new Date(1999,12,12),sklj 123,999E999,1212999170065,Pol.muski
MeraI,MericI,new Date(1999,12,12),sklj 123,999E999,1212999170065,Pol.muski
MeraJ,MericJ,new Date(1999,12,12),sklj 123,999E999,1212999170065,Pol.muski
MeraK,MericK,new Date(1999,12,12),sklj 123,999E999,1212999170065,Pol.muski
MeraL,MericL,new Date(1999,12,12),sklj 123,999E999,1212999170065,Pol.muski
MeraM,MericM,new Date(1999,12,12),sklj 123,999E999,1212999170065,Pol.muski
MeraN,MericN,new Date(1999,12,12),sklj 123,999E999,1212999170065,Pol.muski
MeraO,MericO,new Date(1999,12,12),sklj 123,999E999,1212999170065,Pol.muski
MeraP,MericP,new Date(1999,12,12),sklj 123,999E999,1212999170065,Pol.muski
MeraQ,MericQ,new Date(1999,12,12),sklj 123,999E999,1212999170065,Pol.muski
MeraR,MericR,new Date(1999,12,12),sklj 123,999E999,1212999170065,Pol.muski
MeraS,MericS,new Date(1999,12,12),sklj 123,999E999,1212999170065,Pol.muski
MeraT,MericT,new Date(1999,12,12),sklj 123,999E999,1212999170065,Pol.muski
MeraU,MericU,new Date(1999,12,12),sklj 123,999E999,1212999170065,Pol.muski
MeraV,MericV,new Date(1999,12,12),sklj 123,999E999,1212999170065,Pol.muski
MeraW,MericW,new Date(1999,12,12),sklj 123,999E999,1212999170065,Pol.muski
MeraX,MericX,new Date(1999,12,12),sklj 123,999E999,1212999170065,Pol.muski
MeraY,MericY,new Date(1999,12,12),sklj 123,999E999,1212999170065,Pol.muski
MeraZ,MericZ,new Date(1999,12,12),sklj 123,999E999,1212999170065,Pol.muski
